{"cameraMode":{"drawMode":0,"name":"Shaded","section":"Shading Mode"},"sceneLighting":true,"audioPlay":false,"sceneViewState":{"showFog":true,"showMaterialUpdate":false,"showSkybox":true,"showFlares":true,"showImageEffects":true,"showParticleSystems":true},"in2DMode":false,"pivot":{"x":-121.31112670898438,"y":-23.96697425842285,"z":43.49005126953125},"rotation":{"x":0.10364258289337158,"y":-0.5747777223587036,"z":0.07423709332942963,"w":0.8085489273071289},"size":149.672119140625,"orthographic":false}